-- phpMyAdmin SQL Dump
-- version 6.0.0-dev+20231112.f9ab9d15ac
-- https://www.phpmyadmin.net/
--
-- Host: 127.0.0.1
-- Generation Time: Jan 24, 2024 at 10:53 AM
-- Server version: 10.4.24-MariaDB
-- PHP Version: 8.1.5

SET SQL_MODE = "NO_AUTO_VALUE_ON_ZERO";
START TRANSACTION;
SET time_zone = "+00:00";


/*!40101 SET @OLD_CHARACTER_SET_CLIENT=@@CHARACTER_SET_CLIENT */;
/*!40101 SET @OLD_CHARACTER_SET_RESULTS=@@CHARACTER_SET_RESULTS */;
/*!40101 SET @OLD_COLLATION_CONNECTION=@@COLLATION_CONNECTION */;
/*!40101 SET NAMES utf8mb4 */;

--
-- Database: `spk_pem_lemari`
--

-- --------------------------------------------------------

--
-- Table structure for table `alternatif`
--

CREATE TABLE `alternatif` (
  `id_alternatif` int(11) NOT NULL,
  `nama_alternatif` varchar(50) NOT NULL,
  `gambar` varchar(100) NOT NULL,
  `design` varchar(10) NOT NULL,
  `merek` varchar(255) DEFAULT NULL
) ENGINE=InnoDB DEFAULT CHARSET=utf8mb4;

--
-- Dumping data for table `alternatif`
--

INSERT INTO `alternatif` (`id_alternatif`, `nama_alternatif`, `gambar`, `design`, `merek`) VALUES
(1, 'HAMSTER LP 202', 'Hamster LP 202.jpeg', 'Motif', 'Olympic'),
(2, 'JAZZ LP 201', 'Jazz LP 201.jpeg', 'Warna', 'Volare'),
(3, 'SPIN SL 80', 'spin sl 80_1.jpg', 'Warna', 'Olympic'),
(4, 'PRIMO BL 120', 'Primo bl 120_1.jpg', 'Motif', 'Activ'),
(5, 'SLIDE 211', 'slide 211.jpg', 'Warna', 'Activ'),
(15, 'VELOCITY WARDRDDOBE', 'felicity 2d.jpg', 'Warna', 'velocity'),
(16, 'VOBL 160', 'vobl 160_1.jpg', 'Motif', 'Pro Design'),
(19, 'LP 2125', 'lp 2125.png', 'Motif', 'Expo'),
(20, 'LP 2127', 'lp2127.jpg', 'Warna', 'Expo'),
(21, 'LP 3106', 'lp3106.jpg', 'Motif', 'Expo'),
(22, 'LPA 1226', 'lpa1226.jpg', 'Warna', 'Expo'),
(23, 'LP 2101', 'lp-2101.jpg', 'Warna', 'Expo'),
(24, 'SPIN LP 331', 'spin 331.jpg', 'Warna', 'Activ'),
(25, 'SPIN LP 231', 'spin lp 231.jpg', 'Warna', 'Activ'),
(26, 'KOFI LP 205', 'Kofi lp 205.jpg', 'Warna', 'Activ'),
(27, 'ALBA 2 PN LT', 'alba 2 pn.jpg', 'Motif', 'pira'),
(28, 'LP 3116', 'lp3116.jpg', 'Warna', 'Expo'),
(29, 'MARINO 2P', 'marino 2p.jpg', 'Warna', 'Olympic'),
(30, 'MATKENS LP 2', 'Matkens LP2.jpg', 'Warna', 'Olympic'),
(31, 'SPIN LP 131', 'spin lp 131.jpg', 'Motif', 'Activ'),
(32, 'SPIN LPM 231', 'lpm 231.jpg', 'Motif', 'Activ'),
(33, 'KOFI 207', 'kofi 207.jpg', 'Warna', 'Activ'),
(34, 'LP 1213', 'lp 1213.jpg', 'Warna', 'Expo'),
(35, 'LP WIN2D', 'lp win 2d.jpg', 'Warna', 'Expo'),
(36, 'LP 1219', 'lp 1219.jpg', 'Warna', 'Expo'),
(37, 'KOFI LP 206', 'kofi_lp_206.jpg', 'Motif', 'Activ'),
(38, 'ENGLAND LP 202', 'activ england lp 202.jpg', 'Motif', 'Activ'),
(39, 'SPIN LP 212', 'spin lp 212.jpg', 'Motif', 'Activ'),
(40, 'LUNAR LPT 016', 'Lunar LPT 016', 'Motif', 'Lunar'),
(41, 'LP 2595', 'LP 2595.jpg', 'Motif', 'Graver'),
(42, 'GRAVER WD 195', 'Graver wd 195.jpg', 'Warna', 'Graver'),
(43, 'LP 2692', 'lp 2692.jpg', 'Warna', 'Graver'),
(44, 'ENGLAND LP 302', 'englan lp 302.jpg', 'Motif', 'Activ'),
(45, 'LPM 332', 'LPM 332.jpg', 'Motif', 'Activ'),
(46, 'THUNDER LP 202', 'thundelp202.jpg', 'Warna', 'Activ'),
(47, 'LP 283', 'Siantano lp 283.jpg', 'Warna', 'Siantano'),
(48, 'LUNAR LPT 012', 'Lunar LPT 012.jpg', 'Warna', 'Lunar'),
(49, 'LP 312', 'LP 312 .jpg', 'Motif', 'Activ'),
(50, 'LPT 018', 'LPT 018.jpg', 'Motif', 'Lunar'),
(51, 'LP 2596', 'LP2596.jpg', 'Warna', 'Graver'),
(52, 'NEW YORK LP 202', 'NEWYORKLP202.jpg', 'Motif', 'Activ'),
(53, 'LUNAR LPT 014', 'Lunar lpt 014 .jpg', 'Warna', 'Lunar'),
(54, 'JAZZ LP 302', 'jazz lp 302.jpg', 'Warna', 'Activ'),
(55, 'LPM 322', 'lpm322.jpg', 'Warna', 'Activ'),
(56, 'LPM 222', 'lpm 222_1.jpg', 'Warna', 'Activ'),
(57, 'SPIN LP 202', 'spin lp 202.jpg', 'Warna', 'Activ'),
(58, 'ROWD 2', 'prodesign.jpg', 'Warna', 'Pro Design'),
(59, 'CWD 2', 'CWD 2.jpg', 'Warna', 'Pro Design'),
(60, 'SPING LP 131', 'SPING lp 131.jpg', 'Motif', 'Activ'),
(61, 'LP 385', 'lp 385.jpg', 'Warna', 'Siantano');

-- --------------------------------------------------------

--
-- Table structure for table `bobot_kriteria`
--

CREATE TABLE `bobot_kriteria` (
  `id_bobot` int(11) NOT NULL,
  `C1` float NOT NULL,
  `C2` float NOT NULL,
  `C3` float NOT NULL,
  `C4` float NOT NULL,
  `f_id_user` int(11) NOT NULL
) ENGINE=InnoDB DEFAULT CHARSET=utf8mb4;

--
-- Dumping data for table `bobot_kriteria`
--

INSERT INTO `bobot_kriteria` (`id_bobot`, `C1`, `C2`, `C3`, `C4`, `f_id_user`) VALUES
(3, 0.4, 0, 0, 0.6, 7),
(4, 0.1, 0.2, 0.4, 0.3, 10),
(5, 0.25, 0.25, 0.25, 0.25, 11);

-- --------------------------------------------------------

--
-- Table structure for table `kec_alt_kriteria`
--

CREATE TABLE `kec_alt_kriteria` (
  `id_alt_kriteria` int(11) NOT NULL,
  `f_id_alternatif` int(11) NOT NULL,
  `f_id_kriteria` char(2) NOT NULL,
  `f_id_sub_kriteria` int(11) NOT NULL
) ENGINE=InnoDB DEFAULT CHARSET=utf8mb4;

--
-- Dumping data for table `kec_alt_kriteria`
--

INSERT INTO `kec_alt_kriteria` (`id_alt_kriteria`, `f_id_alternatif`, `f_id_kriteria`, `f_id_sub_kriteria`) VALUES
(1, 1, 'C1', 2),
(2, 1, 'C2', 10),
(3, 1, 'C3', 11),
(4, 1, 'C4', 17),
(6, 2, 'C1', 3),
(7, 2, 'C2', 9),
(8, 2, 'C3', 15),
(9, 2, 'C4', 16),
(11, 3, 'C1', 1),
(12, 3, 'C2', 8),
(13, 3, 'C3', 12),
(14, 3, 'C4', 16),
(16, 4, 'C1', 1),
(17, 4, 'C2', 9),
(18, 4, 'C3', 11),
(19, 4, 'C4', 19),
(21, 5, 'C1', 4),
(22, 5, 'C2', 10),
(23, 5, 'C3', 15),
(24, 5, 'C4', 16),
(70, 15, 'C1', 2),
(71, 15, 'C2', 9),
(72, 15, 'C3', 11),
(73, 15, 'C4', 16),
(74, 16, 'C1', 1),
(75, 16, 'C2', 8),
(76, 16, 'C3', 11),
(77, 16, 'C4', 17),
(86, 19, 'C1', 3),
(87, 19, 'C2', 9),
(88, 19, 'C3', 15),
(89, 19, 'C4', 17),
(90, 20, 'C1', 4),
(91, 20, 'C2', 10),
(92, 20, 'C3', 15),
(93, 20, 'C4', 16),
(94, 21, 'C1', 4),
(95, 21, 'C2', 9),
(96, 21, 'C3', 15),
(97, 21, 'C4', 17),
(98, 22, 'C1', 2),
(99, 22, 'C2', 9),
(100, 22, 'C3', 11),
(101, 22, 'C4', 17),
(102, 23, 'C1', 4),
(103, 23, 'C2', 10),
(104, 23, 'C3', 15),
(105, 23, 'C4', 17),
(106, 24, 'C1', 3),
(107, 24, 'C2', 9),
(108, 24, 'C3', 13),
(109, 24, 'C4', 16),
(110, 25, 'C1', 1),
(111, 25, 'C2', 8),
(112, 25, 'C3', 11),
(113, 25, 'C4', 16),
(114, 26, 'C1', 4),
(115, 26, 'C2', 10),
(116, 26, 'C3', 15),
(117, 26, 'C4', 16),
(118, 27, 'C1', 1),
(119, 27, 'C2', 9),
(120, 27, 'C3', 11),
(121, 27, 'C4', 16),
(122, 28, 'C1', 4),
(123, 28, 'C2', 10),
(124, 28, 'C3', 15),
(125, 28, 'C4', 16),
(126, 29, 'C1', 2),
(127, 29, 'C2', 9),
(128, 29, 'C3', 11),
(129, 29, 'C4', 16),
(130, 30, 'C1', 1),
(131, 30, 'C2', 8),
(132, 30, 'C3', 11),
(133, 30, 'C4', 16),
(134, 31, 'C1', 2),
(135, 31, 'C2', 9),
(136, 31, 'C3', 11),
(137, 31, 'C4', 18),
(138, 32, 'C1', 3),
(139, 32, 'C2', 10),
(140, 32, 'C3', 11),
(141, 32, 'C4', 16),
(142, 33, 'C1', 3),
(143, 33, 'C2', 9),
(144, 33, 'C3', 13),
(145, 33, 'C4', 16),
(146, 34, 'C1', 3),
(147, 34, 'C2', 10),
(148, 34, 'C3', 15),
(149, 34, 'C4', 16),
(150, 35, 'C1', 3),
(151, 35, 'C2', 9),
(152, 35, 'C3', 11),
(153, 35, 'C4', 17),
(154, 36, 'C1', 3),
(155, 36, 'C2', 10),
(156, 36, 'C3', 15),
(157, 36, 'C4', 18),
(158, 37, 'C1', 2),
(159, 37, 'C2', 8),
(160, 37, 'C3', 13),
(161, 37, 'C4', 16),
(162, 38, 'C1', 2),
(163, 38, 'C2', 9),
(164, 38, 'C3', 11),
(165, 38, 'C4', 16),
(166, 39, 'C1', 2),
(167, 39, 'C2', 9),
(168, 39, 'C3', 11),
(169, 39, 'C4', 17),
(170, 40, 'C1', 2),
(171, 40, 'C2', 10),
(172, 40, 'C3', 11),
(173, 40, 'C4', 16),
(174, 41, 'C1', 3),
(175, 41, 'C2', 10),
(176, 41, 'C3', 14),
(177, 41, 'C4', 17),
(178, 42, 'C1', 3),
(179, 42, 'C2', 9),
(180, 42, 'C3', 14),
(181, 42, 'C4', 17),
(182, 43, 'C1', 3),
(183, 43, 'C2', 9),
(184, 43, 'C3', 14),
(185, 43, 'C4', 16),
(186, 44, 'C1', 3),
(187, 44, 'C2', 8),
(188, 44, 'C3', 15),
(189, 44, 'C4', 16),
(190, 45, 'C1', 2),
(191, 45, 'C2', 8),
(192, 45, 'C3', 14),
(193, 45, 'C4', 17),
(194, 46, 'C1', 2),
(195, 46, 'C2', 9),
(196, 46, 'C3', 11),
(197, 46, 'C4', 16),
(198, 47, 'C1', 4),
(199, 47, 'C2', 10),
(200, 47, 'C3', 15),
(201, 47, 'C4', 17),
(202, 48, 'C1', 2),
(203, 48, 'C2', 10),
(204, 48, 'C3', 11),
(205, 48, 'C4', 16),
(206, 49, 'C1', 4),
(207, 49, 'C2', 10),
(208, 49, 'C3', 15),
(209, 49, 'C4', 16),
(210, 50, 'C1', 2),
(211, 50, 'C2', 9),
(212, 50, 'C3', 11),
(213, 50, 'C4', 16),
(214, 51, 'C1', 3),
(215, 51, 'C2', 9),
(216, 51, 'C3', 15),
(217, 51, 'C4', 17),
(218, 52, 'C1', 2),
(219, 52, 'C2', 9),
(220, 52, 'C3', 11),
(221, 52, 'C4', 16),
(222, 53, 'C1', 2),
(223, 53, 'C2', 8),
(224, 53, 'C3', 11),
(225, 53, 'C4', 17),
(226, 54, 'C1', 4),
(227, 54, 'C2', 10),
(228, 54, 'C3', 15),
(229, 54, 'C4', 16),
(230, 55, 'C1', 2),
(231, 55, 'C2', 9),
(232, 55, 'C3', 14),
(233, 55, 'C4', 17),
(234, 56, 'C1', 1),
(235, 56, 'C2', 8),
(236, 56, 'C3', 11),
(237, 56, 'C4', 17),
(238, 57, 'C1', 1),
(239, 57, 'C2', 8),
(240, 57, 'C3', 11),
(241, 57, 'C4', 18),
(242, 58, 'C1', 4),
(243, 58, 'C2', 10),
(244, 58, 'C3', 14),
(245, 58, 'C4', 17),
(246, 59, 'C1', 4),
(247, 59, 'C2', 10),
(248, 59, 'C3', 14),
(249, 59, 'C4', 16),
(250, 60, 'C1', 2),
(251, 60, 'C2', 9),
(252, 60, 'C3', 11),
(253, 60, 'C4', 18),
(254, 61, 'C1', 4),
(255, 61, 'C2', 10),
(256, 61, 'C3', 15),
(257, 61, 'C4', 17);

-- --------------------------------------------------------

--
-- Table structure for table `kriteria`
--

CREATE TABLE `kriteria` (
  `id_kriteria` char(2) NOT NULL,
  `nama_kriteria` varchar(20) NOT NULL
) ENGINE=InnoDB DEFAULT CHARSET=utf8mb4;

--
-- Dumping data for table `kriteria`
--

INSERT INTO `kriteria` (`id_kriteria`, `nama_kriteria`) VALUES
('C1', 'Harga'),
('C2', 'Kualitas'),
('C3', 'Volume'),
('C4', 'Kelengkapan');

-- --------------------------------------------------------

--
-- Table structure for table `riwayat`
--

CREATE TABLE `riwayat` (
  `id_riwayat` int(11) NOT NULL,
  `id_alternatif_terting` int(11) NOT NULL,
  `c1` decimal(14,14) NOT NULL,
  `c2` decimal(14,14) NOT NULL,
  `c3` decimal(14,14) NOT NULL,
  `c4` decimal(14,14) NOT NULL,
  `preferensi` decimal(14,14) NOT NULL
) ENGINE=InnoDB DEFAULT CHARSET=utf8mb4;

--
-- Dumping data for table `riwayat`
--

INSERT INTO `riwayat` (`id_riwayat`, `id_alternatif_terting`, `c1`, `c2`, `c3`, `c4`, `preferensi`) VALUES
(21, 5, 0.00000000000000, 0.43617021276596, 0.37765957446809, 0.18617021276596, 0.00000000000000),
(22, 3, 0.48543689320388, 0.00000000000000, 0.34466019417476, 0.16990291262136, 0.00000000000000),
(23, 25, 0.56790123456790, 0.00000000000000, 0.00000000000000, 0.43209876543210, 0.00000000000000),
(24, 34, 0.31836734693878, 0.40816326530612, 0.22040816326531, 0.05306122448980, 0.00000000000000),
(25, 3, 0.53793103448276, 0.00000000000000, 0.37241379310345, 0.08965517241379, 0.00000000000000),
(26, 2, 0.28481012658228, 0.00000000000000, 0.63291139240506, 0.08227848101266, 0.00000000000000),
(27, 27, 0.67326732673267, 0.19801980198020, 0.00000000000000, 0.12871287128713, 0.00000000000000),
(28, 34, 0.09259259259259, 0.58024691358025, 0.24691358024691, 0.08024691358025, 0.00000000000000),
(29, 34, 0.40485829959514, 0.38056680161943, 0.16194331983806, 0.05263157894737, 0.00000000000000),
(30, 34, 0.28323699421965, 0.06358381502890, 0.57803468208092, 0.07514450867052, 0.00000000000000),
(31, 19, 0.25000000000000, 0.00000000000000, 0.75000000000000, 0.00000000000000, 0.00000000000000),
(32, 25, 0.35555555555556, 0.00000000000000, 0.00000000000000, 0.64444444444444, 0.00000000000000),
(33, 48, 0.17582417582418, 0.50549450549451, 0.00000000000000, 0.31868131868132, 0.00000000000000),
(34, 48, 0.27631578947368, 0.60526315789474, 0.00000000000000, 0.11842105263158, 0.00000000000000),
(35, 27, 0.60714285714286, 0.32857142857143, 0.00000000000000, 0.06428571428571, 0.00000000000000),
(36, 48, 0.42953020134228, 0.30872483221477, 0.00000000000000, 0.26174496644295, 0.00000000000000),
(37, 48, 0.31527093596059, 0.49261083743842, 0.00000000000000, 0.19211822660099, 0.00000000000000),
(38, 36, 0.45390070921986, 0.14184397163121, 0.40425531914894, 0.00000000000000, 0.00000000000000),
(39, 34, 0.00938967136150, 0.39436619718310, 0.26760563380282, 0.32863849765258, 0.00000000000000),
(40, 3, 0.57803468208092, 0.00000000000000, 0.32947976878613, 0.09248554913295, 0.00000000000000),
(41, 34, 0.12977099236641, 0.36259541984733, 0.21755725190840, 0.29007633587786, 0.00000000000000),
(42, 34, 0.42372881355932, 0.07909604519774, 0.32203389830508, 0.17514124293785, 0.00000000000000),
(43, 34, 0.28735632183908, 0.37547892720307, 0.21839080459770, 0.11877394636015, 0.00000000000000),
(44, 34, 0.37313432835821, 0.29850746268657, 0.21268656716418, 0.11567164179104, 0.00000000000000),
(45, 34, 0.35000000000000, 0.07083333333333, 0.23750000000000, 0.34166666666667, 0.00000000000000),
(46, 34, 0.15311004784689, 0.37799043062201, 0.27272727272727, 0.19617224880383, 0.00000000000000),
(47, 49, 0.00000000000000, 0.00000000000000, 0.75862068965517, 0.24137931034483, 0.00000000000000),
(48, 1, 0.15625000000000, 0.84375000000000, 0.00000000000000, 0.00000000000000, 0.00000000000000),
(49, 48, 0.09900990099010, 0.53465346534653, 0.00000000000000, 0.36633663366337, 0.00000000000000),
(50, 27, 0.52777777777778, 0.31250000000000, 0.00000000000000, 0.15972222222222, 0.00000000000000),
(51, 27, 0.88679245283019, 0.11320754716981, 0.00000000000000, 0.00000000000000, 0.00000000000000),
(52, 27, 0.61111111111111, 0.38888888888889, 0.00000000000000, 0.00000000000000, 0.00000000000000),
(53, 4, 0.52500000000000, 0.33333333333333, 0.14166666666667, 0.00000000000000, 0.00000000000000),
(54, 48, 0.37951807228916, 0.51807228915663, 0.10240963855422, 0.00000000000000, 0.00000000000000),
(55, 48, 0.26470588235294, 0.36134453781513, 0.07142857142857, 0.30252100840336, 0.00000000000000),
(56, 34, 0.46368715083799, 0.16759776536313, 0.31843575418994, 0.05027932960894, 0.00000000000000),
(57, 27, 0.68493150684932, 0.20547945205479, 0.04794520547945, 0.06164383561644, 0.00000000000000),
(58, 55, 0.52631578947368, 0.03684210526316, 0.38947368421053, 0.04736842105263, 0.00000000000000),
(59, 3, 0.46948356807512, 0.03286384976526, 0.14553990610329, 0.35211267605634, 0.00000000000000),
(60, 3, 0.69930069930070, 0.02797202797203, 0.21678321678322, 0.05594405594406, 0.00000000000000),
(61, 34, 0.25827814569536, 0.02649006622517, 0.66225165562914, 0.05298013245033, 0.00000000000000),
(62, 34, 0.23493975903614, 0.55421686746988, 0.16265060240964, 0.04819277108434, 0.00000000000000),
(63, 3, 0.55118110236220, 0.03149606299213, 0.35433070866142, 0.06299212598425, 0.00000000000000),
(64, 34, 0.30434782608696, 0.02484472049689, 0.62111801242236, 0.04968944099379, 0.00000000000000),
(65, 48, 0.47802197802198, 0.36263736263736, 0.11538461538462, 0.04395604395604, 0.00000000000000),
(66, 27, 0.58536585365854, 0.23780487804878, 0.12804878048780, 0.04878048780488, 0.00000000000000),
(67, 34, 0.12345679012346, 0.33950617283951, 0.48765432098765, 0.04938271604938, 0.00000000000000),
(68, 48, 0.40000000000000, 0.31428571428571, 0.06857142857143, 0.21714285714286, 0.00000000000000),
(69, 34, 0.16500000000000, 0.27500000000000, 0.06000000000000, 0.50000000000000, 0.00000000000000),
(70, 34, 0.43000000000000, 0.27500000000000, 0.19500000000000, 0.10000000000000, 0.00000000000000),
(71, 34, 0.11173184357542, 0.55865921787709, 0.21787709497207, 0.11173184357542, 0.00000000000000),
(72, 34, 0.14925373134328, 0.41044776119403, 0.29104477611940, 0.14925373134328, 0.00000000000000),
(73, 34, 0.47058823529412, 0.14379084967320, 0.25490196078431, 0.13071895424837, 0.00000000000000),
(74, 34, 0.31858407079646, 0.42035398230088, 0.17256637168142, 0.08849557522124, 0.00000000000000),
(75, 34, 0.44907407407407, 0.27777777777778, 0.18055555555556, 0.09259259259259, 0.00000000000000),
(76, 34, 0.39898989898990, 0.30303030303030, 0.19696969696970, 0.10101010101010, 0.00000000000000),
(77, 34, 0.45045045045045, 0.28378378378378, 0.17567567567568, 0.09009009009009, 0.00000000000000),
(78, 34, 0.29207920792079, 0.41584158415842, 0.19306930693069, 0.09900990099010, 0.00000000000000),
(79, 34, 0.27188940092166, 0.45622119815668, 0.17972350230415, 0.09216589861751, 0.00000000000000),
(80, 34, 0.19730941704036, 0.37219730941704, 0.13004484304933, 0.30044843049327, 0.00000000000000),
(81, 34, 0.40243902439024, 0.33739837398374, 0.22764227642276, 0.03252032520325, 0.00000000000000),
(82, 3, 0.47368421052632, 0.05741626794258, 0.26794258373206, 0.20095693779904, 0.00000000000000),
(83, 3, 0.46111111111111, 0.06666666666667, 0.29444444444444, 0.17777777777778, 0.00000000000000),
(84, 34, 0.38610038610039, 0.28571428571429, 0.20463320463320, 0.12355212355212, 0.00000000000000),
(85, 34, 0.44444444444444, 0.09333333333333, 0.32000000000000, 0.14222222222222, 0.00000000000000),
(86, 48, 0.50251256281407, 0.38693467336683, 0.01507537688442, 0.09547738693467, 0.00000000000000),
(87, 48, 0.47142857142857, 0.37142857142857, 0.02142857142857, 0.13571428571429, 0.00000000000000),
(88, 27, 0.55248618784530, 0.09944751381216, 0.01657458563536, 0.33149171270718, 0.00000000000000),
(89, 27, 0.60606060606061, 0.10909090909091, 0.01818181818182, 0.26666666666667, 0.00000000000000),
(90, 27, 0.68831168831169, 0.23376623376623, 0.03896103896104, 0.03896103896104, 0.00000000000000),
(91, 34, 0.34640522875817, 0.11764705882353, 0.51633986928105, 0.01960784313726, 0.00000000000000),
(92, 27, 0.63698630136986, 0.12328767123288, 0.21917808219178, 0.02054794520548, 0.00000000000000),
(93, 34, 0.48818897637795, 0.14173228346457, 0.34645669291339, 0.02362204724409, 0.00000000000000),
(94, 34, 0.32460732984293, 0.42931937172775, 0.23036649214660, 0.01570680628272, 0.00000000000000),
(95, 3, 0.65833333333333, 0.09166666666667, 0.22500000000000, 0.02500000000000, 0.00000000000000),
(96, 34, 0.31683168316832, 0.50495049504950, 0.14851485148515, 0.02970297029703, 0.00000000000000),
(97, 36, 0.29007633587786, 0.55725190839695, 0.15267175572519, 0.00000000000000, 0.00000000000000),
(98, 34, 0.22885572139303, 0.39800995024876, 0.12437810945274, 0.24875621890547, 0.00000000000000),
(99, 27, 0.38812785388128, 0.21004566210046, 0.11415525114155, 0.28767123287671, 0.00000000000000),
(100, 34, 0.25581395348837, 0.17829457364341, 0.32170542635659, 0.24418604651163, 0.00000000000000),
(101, 34, 0.22916666666667, 0.34722222222222, 0.20486111111111, 0.21875000000000, 0.00000000000000),
(107, 34, 0.19090909090909, 0.36818181818182, 0.28636363636364, 0.15454545454545, 0.00000000000000),
(108, 34, 0.28571428571429, 0.55102040816327, 0.11564625850340, 0.04761904761905, 0.00000000000000),
(109, 40, 0.43290043290043, 0.29004329004329, 0.12121212121212, 0.15584415584416, 0.00000000000000),
(110, 40, 0.47846889952153, 0.32057416267943, 0.13397129186603, 0.06698564593301, 0.00000000000000),
(111, 27, 0.48543689320388, 0.12135922330097, 0.22815533980583, 0.16504854368932, 0.00000000000000),
(112, 34, 0.16203703703704, 0.31018518518519, 0.37037037037037, 0.15740740740741, 0.00000000000000),
(113, 34, 0.16269841269841, 0.36507936507937, 0.26984126984127, 0.20238095238095, 0.00000000000000),
(114, 34, 0.24731182795699, 0.49462365591398, 0.15591397849462, 0.10215053763441, 0.00000000000000),
(115, 27, 0.48058252427184, 0.28640776699029, 0.14077669902913, 0.09223300970874, 0.00000000000000),
(116, 34, 0.38223938223938, 0.08108108108108, 0.30501930501931, 0.23166023166023, 0.00000000000000),
(117, 34, 0.40080971659919, 0.03643724696356, 0.31983805668016, 0.24291497975709, 0.00000000000000),
(126, 34, 0.20786516853933, 0.42696629213483, 0.27528089887640, 0.08988764044944, 0.00000000000000),
(127, 34, 0.30909090909091, 0.40000000000000, 0.17272727272727, 0.11818181818182, 0.00000000000000),
(131, 27, 0.69387755102041, 0.30612244897959, 0.00000000000000, 0.00000000000000, 0.00000000000000),
(132, 51, 0.00000000000000, 0.00000000000000, 0.99999999999999, 0.00000000000000, 0.00000000000000),
(134, 34, 0.25000000000000, 0.25000000000000, 0.25000000000000, 0.25000000000000, 0.00000000000000),
(135, 56, 0.99999999999999, 0.00000000000000, 0.00000000000000, 0.00000000000000, 0.00000000000000),
(136, 56, 0.99999999999999, 0.00000000000000, 0.00000000000000, 0.00000000000000, 0.00000000000000),
(137, 2, 0.38095238095238, 0.00000000000000, 0.61904761904762, 0.00000000000000, 0.00000000000000),
(138, 34, 0.16551724137931, 0.30344827586207, 0.53103448275862, 0.00000000000000, 0.00000000000000),
(139, 34, 0.21212121212121, 0.49494949494949, 0.08080808080808, 0.21212121212121, 0.00000000000000),
(141, 34, 0.25000000000000, 0.25000000000000, 0.25000000000000, 0.25000000000000, 0.00000000000000),
(142, 30, 0.99999999999999, 0.00000000000000, 0.00000000000000, 0.00000000000000, 0.00000000000000),
(143, 34, 0.25000000000000, 0.25000000000000, 0.25000000000000, 0.25000000000000, 0.00000000000000),
(144, 34, 0.13500000000000, 0.23500000000000, 0.32500000000000, 0.30500000000000, 0.00000000000000),
(145, 34, 0.23111111111111, 0.40888888888889, 0.12444444444444, 0.23555555555556, 0.00000000000000),
(146, 27, 0.43165467625899, 0.28057553956835, 0.08633093525180, 0.20143884892086, 0.00000000000000),
(147, 34, 0.16363636363636, 0.42424242424242, 0.28484848484848, 0.12727272727273, 0.00000000000000),
(148, 34, 0.39461883408072, 0.25560538116592, 0.15246636771300, 0.19730941704036, 0.00000000000000),
(149, 34, 0.08771929824561, 0.39181286549708, 0.19883040935673, 0.32163742690058, 0.00000000000000),
(150, 34, 0.28125000000000, 0.05625000000000, 0.49375000000000, 0.16875000000000, 0.00000000000000),
(151, 48, 0.37815126050420, 0.29411764705882, 0.10084033613445, 0.22689075630252, 0.00000000000000),
(152, 34, 0.18421052631579, 0.37500000000000, 0.26315789473684, 0.17763157894737, 0.00000000000000),
(153, 34, 0.08571428571429, 0.39428571428571, 0.17714285714286, 0.34285714285714, 0.00000000000000),
(154, 27, 0.44252873563218, 0.27011494252874, 0.08045977011494, 0.20689655172414, 0.00000000000000),
(155, 34, 0.06857142857143, 0.40000000000000, 0.21142857142857, 0.32000000000000, 0.00000000000000),
(156, 27, 0.46846846846847, 0.30630630630631, 0.00000000000000, 0.22522522522523, 0.00000000000000),
(157, 34, 0.14814814814815, 0.25185185185185, 0.41481481481481, 0.18518518518519, 0.00000000000000),
(158, 34, 0.22941176470588, 0.40588235294118, 0.21764705882353, 0.14705882352941, 0.00000000000000),
(159, 3, 0.53012048192771, 0.09638554216868, 0.22289156626506, 0.15060240963855, 0.00000000000000),
(160, 34, 0.25675675675676, 0.12612612612613, 0.16666666666667, 0.45045045045045, 0.00000000000000),
(161, 34, 0.22023809523810, 0.49404761904762, 0.22023809523810, 0.06547619047619, 0.00000000000000),
(162, 34, 0.31658291457286, 0.41708542713568, 0.18592964824121, 0.08040201005025, 0.00000000000000),
(163, 34, 0.38341968911917, 0.13471502590674, 0.19170984455959, 0.29015544041451, 0.00000000000000),
(164, 34, 0.26267281105991, 0.11981566820276, 0.35944700460829, 0.25806451612903, 0.00000000000000),
(165, 48, 0.57142857142857, 0.42857142857143, 0.00000000000000, 0.00000000000000, 0.00000000000000),
(166, 34, 0.15384615384615, 0.50427350427350, 0.34188034188034, 0.00000000000000, 0.00000000000000),
(167, 34, 0.40776699029126, 0.28640776699029, 0.19417475728155, 0.11165048543689, 0.00000000000000),
(168, 34, 0.19512195121951, 0.06097560975610, 0.60365853658537, 0.14024390243902, 0.00000000000000),
(169, 3, 0.31055900621118, 0.06211180124224, 0.14285714285714, 0.48447204968944, 0.00000000000000),
(170, 34, 0.20408163265306, 0.38367346938776, 0.09387755102041, 0.31836734693878, 0.00000000000000),
(171, 34, 0.28248587570621, 0.53107344632768, 0.12994350282486, 0.05649717514124, 0.00000000000000),
(172, 27, 0.59047619047619, 0.20952380952381, 0.10476190476190, 0.09523809523810, 0.00000000000000),
(173, 48, 0.31386861313869, 0.53284671532847, 0.08029197080292, 0.07299270072993, 0.00000000000000),
(174, 55, 0.50375939849624, 0.05263157894737, 0.36842105263158, 0.07518796992481, 0.00000000000000),
(175, 49, 0.00000000000000, 0.37142857142857, 0.28000000000000, 0.34857142857143, 0.00000000000000),
(176, 55, 0.49629629629630, 0.05185185185185, 0.36296296296296, 0.08888888888889, 0.00000000000000),
(177, 55, 0.50375939849624, 0.05263157894737, 0.36842105263158, 0.07518796992481, 0.00000000000000),
(178, 49, 0.00000000000000, 0.36526946107784, 0.29341317365269, 0.34131736526946, 0.00000000000000),
(179, 27, 0.62500000000000, 0.00000000000000, 0.00000000000000, 0.37500000000000, 0.00000000000000),
(180, 34, 0.12182741116751, 0.50761421319797, 0.08121827411168, 0.28934010152284, 0.00000000000000),
(181, 27, 0.38144329896907, 0.24226804123711, 0.08247422680412, 0.29381443298969, 0.00000000000000),
(182, 34, 0.28000000000000, 0.48000000000000, 0.10666666666667, 0.13333333333333, 0.00000000000000),
(183, 27, 0.47019867549669, 0.29139072847682, 0.10596026490066, 0.13245033112583, 0.00000000000000),
(184, 27, 0.41279069767442, 0.18023255813953, 0.09302325581395, 0.31395348837209, 0.00000000000000),
(185, 55, 0.50000000000000, 0.06250000000000, 0.41666666666667, 0.02083333333333, 0.00000000000000),
(186, 34, 0.17910447761194, 0.26368159203980, 0.11940298507463, 0.43781094527363, 0.99999999999999),
(187, 34, 0.17910447761194, 0.26368159203980, 0.11940298507463, 0.43781094527363, 0.88059701492537),
(188, 2, 0.27192982456140, 0.22807017543860, 0.17543859649123, 0.32456140350877, 0.70467836257310),
(189, 59, 0.27192982456140, 0.22807017543860, 0.17543859649123, 0.32456140350877, 0.68421052631579),
(190, 48, 0.27192982456140, 0.22807017543860, 0.17543859649123, 0.32456140350877, 0.73391812865497),
(191, 34, 0.27192982456140, 0.22807017543860, 0.17543859649123, 0.32456140350877, 0.81871345029240),
(192, 59, 0.27192982456140, 0.22807017543860, 0.17543859649123, 0.32456140350877, 0.68421052631579),
(193, 15, 0.27192982456140, 0.22807017543860, 0.17543859649123, 0.32456140350877, 0.61988304093567),
(194, 2, 0.27192982456140, 0.22807017543860, 0.17543859649123, 0.32456140350877, 0.70467836257310),
(195, 48, 0.27192982456140, 0.22807017543860, 0.17543859649123, 0.32456140350877, 0.73391812865497),
(196, 61, 0.27192982456140, 0.22807017543860, 0.17543859649123, 0.32456140350877, 0.61988304093568),
(197, 34, 0.27192982456140, 0.22807017543860, 0.17543859649123, 0.32456140350877, 0.81871345029240),
(198, 5, 0.27192982456140, 0.22807017543860, 0.17543859649123, 0.32456140350877, 0.72807017543860),
(199, 34, 0.13924050632911, 0.36075949367089, 0.31012658227848, 0.18987341772152, 0.90717299578059),
(200, 34, 0.25000000000000, 0.25000000000000, 0.25000000000000, 0.25000000000000, 0.83333333330000),
(201, 34, 0.21671018276762, 0.26109660574413, 0.26109660574413, 0.26109660574413, 0.85552654482159),
(202, 34, 0.24198250728863, 0.17492711370262, 0.29154518950437, 0.29154518950437, 0.83867832847425),
(203, 34, 0.27483443708609, 0.19867549668874, 0.33112582781457, 0.19536423841060, 0.81677704194261),
(204, 34, 0.34156378600823, 0.24691358024691, 0.16872427983539, 0.24279835390947, 0.77229080932785),
(205, 4, 0.71578947368421, 0.28421052631579, 0.00000000000000, 0.00000000000000, 0.85789473684211),
(206, 3, 0.54929577464789, 0.00000000000000, 0.45070422535211, 0.00000000000000, 0.66197183098592);

-- --------------------------------------------------------

--
-- Table structure for table `sub_kriteria`
--

CREATE TABLE `sub_kriteria` (
  `id_sub_kriteria` int(11) NOT NULL,
  `nama_sub_kriteria` varchar(150) NOT NULL,
  `bobot_sub_kriteria` int(11) NOT NULL,
  `f_id_kriteria` char(2) NOT NULL
) ENGINE=InnoDB DEFAULT CHARSET=utf8mb4;

--
-- Dumping data for table `sub_kriteria`
--

INSERT INTO `sub_kriteria` (`id_sub_kriteria`, `nama_sub_kriteria`, `bobot_sub_kriteria`, `f_id_kriteria`) VALUES
(1, '500.000 ≤ Harga < 1.000.000', 4, 'C1'),
(2, '1.000.000≤ Harga <1.500.000', 3, 'C1'),
(3, '1.500.000 ≤ Harga <2 .000.000', 2, 'C1'),
(4, 'Harga ≥ 2.000.000', 1, 'C1'),
(8, 'Mudah lapuk,tidak kokoh,mudah terkena jamur', 1, 'C2'),
(9, '(Tidak mudah lapuk,Kurang kokoh,anti jamur), (Tidak mudah lapuk,kokoh,mudah terkena jamur)\r\n(mudah lapuk, kokoh, anti jamur)', 3, 'C2'),
(10, 'Kokoh, tidak mudah lapuk dan anti jamur', 5, 'C2'),
(11, '〖400.000cm〗^3≤Volume<〖700.000cm〗^3', 1, 'C3'),
(12, '〖700.000cm〗^3≤Volume<〖800.000cm〗^3', 2, 'C3'),
(13, '〖800.000cm〗^3≤Volume<〖900.000cm〗^3', 3, 'C3'),
(14, '〖900.000cm〗^3≤Volume<〖1.000.000cm〗^3', 4, 'C3'),
(15, 'Volume ≥〖1.000.000cm〗^3', 5, 'C3'),
(16, '4 kelengkapan', 4, 'C4'),
(17, '3 kelengkapan', 3, 'C4'),
(18, '2 kelengkapan', 2, 'C4'),
(19, '1 kelengkapan', 1, 'C4');

-- --------------------------------------------------------

--
-- Table structure for table `tabel_tampung`
--

CREATE TABLE `tabel_tampung` (
  `id` int(11) NOT NULL,
  `prio1` varchar(50) NOT NULL,
  `prio2` varchar(50) NOT NULL,
  `prio3` varchar(50) NOT NULL,
  `prio4` varchar(50) NOT NULL,
  `f_id_user` int(11) NOT NULL
) ENGINE=InnoDB DEFAULT CHARSET=utf8mb4;

--
-- Dumping data for table `tabel_tampung`
--

INSERT INTO `tabel_tampung` (`id`, `prio1`, `prio2`, `prio3`, `prio4`, `f_id_user`) VALUES
(2, 'Volume', 'Harga', 'Kelengkapan', 'Kualitas', 7);

-- --------------------------------------------------------

--
-- Table structure for table `user`
--

CREATE TABLE `user` (
  `id_user` int(11) NOT NULL,
  `username` varchar(100) NOT NULL,
  `password` varchar(255) NOT NULL,
  `level` int(1) NOT NULL
) ENGINE=InnoDB DEFAULT CHARSET=utf8mb4;

--
-- Dumping data for table `user`
--

INSERT INTO `user` (`id_user`, `username`, `password`, `level`) VALUES
(2, 'admin', '$2y$10$vKlD7o2zW7D0NyeRZ9gIOuq/H5cD/hjZgmjZ20.8.yRE9FHaJKqkq', 0),
(7, 'yupi', '$2y$10$ZxU.kfq5Z4OIgfdL4MF8pOvO2Xwn.tvyo.2Yk.Ngmz8AXlYKsZONG', 1),
(10, 'genio', '$2y$10$MaCXpy6q3z4ai1OuQV5.hO4p86gglgWLzuXN3jWCKYHUWpuzZEjd.', 1),
(11, 'def', '$2y$10$P795cHFxz/EXUWkKAF4sle.gW6eKW.LC.EeOZZVvfffpKp6i8PeAO', 1);

--
-- Indexes for dumped tables
--

--
-- Indexes for table `alternatif`
--
ALTER TABLE `alternatif`
  ADD PRIMARY KEY (`id_alternatif`);

--
-- Indexes for table `bobot_kriteria`
--
ALTER TABLE `bobot_kriteria`
  ADD PRIMARY KEY (`id_bobot`),
  ADD KEY `id_user` (`f_id_user`);

--
-- Indexes for table `kec_alt_kriteria`
--
ALTER TABLE `kec_alt_kriteria`
  ADD PRIMARY KEY (`id_alt_kriteria`),
  ADD KEY `f_id_alternatif` (`f_id_alternatif`),
  ADD KEY `f_id_kriteria` (`f_id_kriteria`,`f_id_sub_kriteria`),
  ADD KEY `f_id_sub_kriteria` (`f_id_sub_kriteria`);

--
-- Indexes for table `kriteria`
--
ALTER TABLE `kriteria`
  ADD PRIMARY KEY (`id_kriteria`);

--
-- Indexes for table `riwayat`
--
ALTER TABLE `riwayat`
  ADD PRIMARY KEY (`id_riwayat`),
  ADD KEY `id_alternatif_terting` (`id_alternatif_terting`);

--
-- Indexes for table `sub_kriteria`
--
ALTER TABLE `sub_kriteria`
  ADD PRIMARY KEY (`id_sub_kriteria`),
  ADD KEY `f_id_kriteria` (`f_id_kriteria`),
  ADD KEY `f_id_kriteria_2` (`f_id_kriteria`);

--
-- Indexes for table `tabel_tampung`
--
ALTER TABLE `tabel_tampung`
  ADD PRIMARY KEY (`id`),
  ADD KEY `f_id_user` (`f_id_user`);

--
-- Indexes for table `user`
--
ALTER TABLE `user`
  ADD PRIMARY KEY (`id_user`);

--
-- AUTO_INCREMENT for dumped tables
--

--
-- AUTO_INCREMENT for table `alternatif`
--
ALTER TABLE `alternatif`
  MODIFY `id_alternatif` int(11) NOT NULL AUTO_INCREMENT, AUTO_INCREMENT=62;

--
-- AUTO_INCREMENT for table `bobot_kriteria`
--
ALTER TABLE `bobot_kriteria`
  MODIFY `id_bobot` int(11) NOT NULL AUTO_INCREMENT, AUTO_INCREMENT=6;

--
-- AUTO_INCREMENT for table `kec_alt_kriteria`
--
ALTER TABLE `kec_alt_kriteria`
  MODIFY `id_alt_kriteria` int(11) NOT NULL AUTO_INCREMENT, AUTO_INCREMENT=258;

--
-- AUTO_INCREMENT for table `riwayat`
--
ALTER TABLE `riwayat`
  MODIFY `id_riwayat` int(11) NOT NULL AUTO_INCREMENT, AUTO_INCREMENT=207;

--
-- AUTO_INCREMENT for table `sub_kriteria`
--
ALTER TABLE `sub_kriteria`
  MODIFY `id_sub_kriteria` int(11) NOT NULL AUTO_INCREMENT, AUTO_INCREMENT=36;

--
-- AUTO_INCREMENT for table `tabel_tampung`
--
ALTER TABLE `tabel_tampung`
  MODIFY `id` int(11) NOT NULL AUTO_INCREMENT, AUTO_INCREMENT=3;

--
-- AUTO_INCREMENT for table `user`
--
ALTER TABLE `user`
  MODIFY `id_user` int(11) NOT NULL AUTO_INCREMENT, AUTO_INCREMENT=13;

--
-- Constraints for dumped tables
--

--
-- Constraints for table `bobot_kriteria`
--
ALTER TABLE `bobot_kriteria`
  ADD CONSTRAINT `bobot_kriteria_ibfk_1` FOREIGN KEY (`f_id_user`) REFERENCES `user` (`id_user`) ON DELETE CASCADE ON UPDATE CASCADE;

--
-- Constraints for table `kec_alt_kriteria`
--
ALTER TABLE `kec_alt_kriteria`
  ADD CONSTRAINT `kec_alt_kriteria_ibfk_1` FOREIGN KEY (`f_id_alternatif`) REFERENCES `alternatif` (`id_alternatif`) ON DELETE CASCADE ON UPDATE CASCADE,
  ADD CONSTRAINT `kec_alt_kriteria_ibfk_2` FOREIGN KEY (`f_id_kriteria`) REFERENCES `kriteria` (`id_kriteria`) ON DELETE CASCADE ON UPDATE CASCADE,
  ADD CONSTRAINT `kec_alt_kriteria_ibfk_3` FOREIGN KEY (`f_id_sub_kriteria`) REFERENCES `sub_kriteria` (`id_sub_kriteria`) ON DELETE CASCADE ON UPDATE CASCADE;

--
-- Constraints for table `riwayat`
--
ALTER TABLE `riwayat`
  ADD CONSTRAINT `riwayat_ibfk_1` FOREIGN KEY (`id_alternatif_terting`) REFERENCES `alternatif` (`id_alternatif`) ON DELETE CASCADE ON UPDATE CASCADE;

--
-- Constraints for table `sub_kriteria`
--
ALTER TABLE `sub_kriteria`
  ADD CONSTRAINT `sub_kriteria_ibfk_1` FOREIGN KEY (`f_id_kriteria`) REFERENCES `kriteria` (`id_kriteria`) ON DELETE CASCADE ON UPDATE CASCADE;

--
-- Constraints for table `tabel_tampung`
--
ALTER TABLE `tabel_tampung`
  ADD CONSTRAINT `tabel_tampung_ibfk_1` FOREIGN KEY (`f_id_user`) REFERENCES `user` (`id_user`) ON DELETE CASCADE ON UPDATE CASCADE;
COMMIT;

/*!40101 SET CHARACTER_SET_CLIENT=@OLD_CHARACTER_SET_CLIENT */;
/*!40101 SET CHARACTER_SET_RESULTS=@OLD_CHARACTER_SET_RESULTS */;
/*!40101 SET COLLATION_CONNECTION=@OLD_COLLATION_CONNECTION */;
